city_name_in_dutch,city_id,year_of_cardata,total_households,total_households_with_car,percentage_car_having_households_of_total_households,province_or_region,count_of_submunicipalities,population_in_2000,population_in_2024,area_in_km2,population_density_per_km2,prosperity_index,population_increase_compared_to_2000
Sint-Joost-ten-Node,83,2023,12449,3496,28.08,Brussels Hoofdstedelijk Gewest,1,22097,26895,1.16,23185,54.4,21.71
Sint-Gillis,81,2023,25858,7345,28.41,Brussels Hoofdstedelijk Gewest,1,42458,49293,2.53,19483,76.1,16.1
Koekelberg,77,2023,9201,4252,46.21,Brussels Hoofdstedelijk Gewest,1,16211,22648,1.18,19193,68.6,39.71
Schaarbeek,79,2023,56439,23919,42.38,Brussels Hoofdstedelijk Gewest,1,105692,130405,7.9,16507,68.9,23.38
Sint-Jans-Molenbeek,82,2023,39137,17236,44.04,Brussels Hoofdstedelijk Gewest,1,71219,98365,6.02,16340,57.8,38.12
Etterbeek,73,2023,28135,9836,34.96,Brussels Hoofdstedelijk Gewest,1,39404,49775,3.17,15702,81.3,26.32
Elsene,72,2023,51291,17134,33.41,Brussels Hoofdstedelijk Gewest,1,73174,89278,6.41,13928,92.2,22.01
Ganshoren,75,2023,11509,6123,53.2,Brussels Hoofdstedelijk Gewest,1,19757,25564,2.44,10477,80.2,29.39
Jette,76,2023,22561,11593,51.39,Brussels Hoofdstedelijk Gewest,1,39749,54107,5.19,10425,79.9,36.12
Vorst,87,2023,26628,11892,44.66,Brussels Hoofdstedelijk Gewest,1,45555,58044,6.29,9228,82.2,27.42
Evere,74,2023,18976,9832,51.81,Brussels Hoofdstedelijk Gewest,1,31348,45234,5.12,8835,73.2,44.3
Sint-Agatha-Berchem,80,2023,10068,5855,58.15,Brussels Hoofdstedelijk Gewest,1,18735,25787,2.95,8741,82.5,37.64
Sint-Lambrechts-Woluwe,84,2023,29060,15966,54.94,Brussels Hoofdstedelijk Gewest,1,46528,60771,7.29,8336,93.4,30.61
Anderlecht,70,2023,53250,23658,44.43,Brussels Hoofdstedelijk Gewest,1,87812,126581,17.91,7068,63.7,44.15
Brussel,71,2023,94259,33717,35.77,Brussels Hoofdstedelijk Gewest,4,133859,196828,33.09,5948,70.7,47.04
Sint-Pieters-Woluwe,85,2023,19257,12320,63.98,Brussels Hoofdstedelijk Gewest,1,37922,42571,8.94,4762,110.6,12.26
Oudergem,78,2023,16217,9628,59.37,Brussels Hoofdstedelijk Gewest,1,28804,35350,8.97,3941,100.0,22.73
Ukkel,86,2023,39458,23374,59.24,Brussels Hoofdstedelijk Gewest,1,74221,86806,22.87,3796,111.7,16.96
Saint-Nicolas,263,2023,10587,7543,71.25,Luik,3,23171,24491,6.91,3544,73.6,5.7
Saint-Nicolas,264,2023,10587,7543,71.25,Luik,3,23171,24491,6.91,3544,73.6,5.7
Mortsel,42,2023,11603,8107,69.87,Antwerpen,1,25086,26588,7.78,3417,113.4,5.99
Borsbeek,12,2023,4939,3656,74.02,Antwerpen,1,10373,11379,3.9,2918,98.0,9.7
Luik,248,2023,98890,54798,55.41,Luik,9,185639,195778,68.65,2852,81.3,5.46
Antwerpen,2,2023,242918,135764,55.89,Antwerpen,9,446525,544759,204.32,2666,88.0,22.0
Edegem,17,2023,10005,7952,79.48,Antwerpen,1,22253,23009,8.72,2639,124.4,3.4
Boom,10,2023,7827,5822,74.38,Antwerpen,1,15057,19431,7.38,2633,92.9,29.05
Kraainem,460,2023,5526,4302,77.85,Vlaams-Brabant,1,12692,13962,5.84,2391,115.7,10.01
Drogenbos,441,2023,2316,1645,71.03,Vlaams-Brabant,1,4693,5944,2.5,2378,88.2,26.66
Hemiksem,22,2023,4953,3919,79.12,Antwerpen,1,9151,12396,5.48,2262,104.1,35.46
Vilvoorde,487,2023,17511,13100,74.81,Vlaams-Brabant,2,34982,47445,21.57,2200,92.5,35.63
Wezembeek-Oppem,489,2023,5686,4602,80.94,Vlaams-Brabant,1,13622,14742,6.86,2149,125.7,8.22
Wemmel,488,2023,6979,5315,76.16,Vlaams-Brabant,1,13932,18179,8.77,2073,109.2,30.48
Niel,43,2023,4474,3517,78.61,Antwerpen,1,8405,10966,5.35,2050,101.2,30.47
Charleroi,103,2023,92180,58954,63.96,Henegouwen,15,200827,204322,102.95,1985,71.5,1.74
Watermaal-Bosvoorde,88,2023,11557,7207,62.36,Brussels Hoofdstedelijk Gewest,1,24454,25295,12.97,1950,108.2,3.44
Seraing,266,2023,29593,19865,67.13,Luik,4,60557,64266,35.25,1823,76.1,6.12
Leuven,463,2023,51608,27897,54.06,Vlaams-Brabant,5,88084,104009,57.51,1809,113.9,18.08
Oostende,561,2023,36893,21436,58.1,West-Vlaanderen,3,67279,72586,40.95,1773,98.8,7.89
Herstal,237,2023,17148,12431,72.49,Luik,4,36292,40814,23.36,1747,78.4,12.46
Gent,383,2023,122533,73444,59.94,Oost-Vlaanderen,14,224180,269597,157.77,1709,103.0,20.26
Quaregnon,147,2023,8326,5923,71.14,Henegouwen,2,19178,18959,11.21,1691,75.2,-1.14
Verviers,278,2023,24581,16078,65.41,Luik,6,53148,55770,33.01,1689,76.6,4.93
Beyne-Heusay,209,2023,5222,4015,76.89,Luik,3,11661,12018,7.29,1649,87.9,3.06
Denderleeuw,376,2023,8594,6723,78.23,Oost-Vlaanderen,3,16984,21056,13.86,1519,100.6,23.98
Colfontaine,107,2023,9035,6449,71.38,Henegouwen,3,20480,20745,13.75,1509,72.3,1.29
Lint,36,2023,3497,3028,86.59,Antwerpen,1,7864,8505,5.65,1505,123.9,8.15
Moeskroen,138,2023,25810,19144,74.17,Henegouwen,4,52492,59987,40.62,1477,82.3,14.28
Machelen,469,2023,5913,4646,78.57,Vlaams-Brabant,2,11838,16576,11.5,1441,87.0,40.02
Waterloo,518,2023,12515,10279,82.13,Waals-Brabant,1,28986,30596,21.32,1435,127.3,5.55
Kuurne,549,2023,5976,4834,80.89,West-Vlaanderen,1,12785,14145,10.11,1399,100.7,10.64
Hove,27,2023,3448,2883,83.61,Antwerpen,1,8306,8406,6.02,1396,145.8,1.2
Liedekerke,464,2023,5621,4418,78.6,Vlaams-Brabant,1,11800,14013,10.17,1378,103.0,18.75
Mechelen,38,2023,37755,26259,69.55,Antwerpen,6,75438,89313,65.79,1358,105.1,18.39
Aartselaar,1,2023,6186,5226,84.48,Antwerpen,1,14438,14890,11.02,1351,124.9,3.13
Wijnegem,63,2023,4386,3499,79.78,Antwerpen,1,8660,10580,7.88,1343,109.6,22.17
Zaventem,490,2023,14554,10972,75.39,Vlaams-Brabant,4,26901,36676,27.73,1323,101.3,36.34
Rixensart,513,2023,9554,7948,83.19,Waals-Brabant,3,21271,23096,17.56,1315,124.5,8.58
Châtelet,106,2023,15875,10964,69.06,Henegouwen,3,35452,35595,27.35,1301,75.9,0.4
Bredene,526,2023,8422,6358,75.49,West-Vlaanderen,1,14076,18180,14.25,1276,105.6,29.16
La Louvière,129,2023,35713,24852,69.59,Henegouwen,10,76568,81241,64.56,1258,79.8,6.1
Manage,136,2023,9959,7388,74.18,Henegouwen,5,21812,24108,19.43,1241,80.8,10.53
Ans,202,2023,12670,9344,73.75,Luik,4,27528,28989,23.35,1241,87.7,5.31
Fléron,232,2023,7443,5734,77.04,Luik,4,15891,16380,13.68,1197,93.5,3.08
Schoten,56,2023,14761,11744,79.56,Antwerpen,1,32733,34641,29.51,1174,116.7,5.83
Aalst,367,2023,39834,29441,73.91,Oost-Vlaanderen,9,84859,90995,78.66,1157,105.0,7.23
Izegem,542,2023,12910,10293,79.73,West-Vlaanderen,3,26532,29227,25.63,1140,100.6,10.16
Linkebeek,465,2023,1983,1566,78.97,Vlaams-Brabant,1,4751,4674,4.19,1116,123.9,-1.62
Schelle,54,2023,3639,2973,81.7,Antwerpen,1,7743,8614,7.83,1100,112.8,11.25
Farciennes,117,2023,4518,3234,71.58,Henegouwen,2,11336,11394,10.37,1099,65.5,0.51
Roeselare,567,2023,28828,22139,76.8,West-Vlaanderen,4,54199,66262,60.4,1097,99.9,22.26
Dison,223,2023,6182,4248,68.72,Luik,2,13978,15260,13.97,1092,66.5,9.17
Dilbeek,440,2023,17845,14352,80.43,Vlaams-Brabant,6,37722,44878,41.48,1082,114.9,18.97
Blankenberge,525,2023,10931,6475,59.24,West-Vlaanderen,2,17414,20559,19.02,1081,101.4,18.06
Menen,555,2023,14885,11319,76.04,West-Vlaanderen,3,32028,34417,33.16,1038,90.7,7.46
Willebroek,64,2023,11209,8669,77.34,Antwerpen,4,22508,28248,27.37,1032,100.0,25.5
Grimbergen,446,2023,16327,12784,78.3,Vlaams-Brabant,4,32930,39860,38.67,1031,114.9,21.04
Wommelgem,65,2023,5452,4444,81.51,Antwerpen,1,11762,13370,12.99,1029,110.5,13.67
Harelbeke,535,2023,13029,10641,81.67,West-Vlaanderen,3,26320,29904,29.4,1017,101.3,13.62
Boussu,98,2023,8914,6300,70.68,Henegouwen,2,20059,20283,20.08,1010,75.8,1.12
Vosselaar,61,2023,4794,4080,85.11,Antwerpen,1,10015,11801,11.83,998,115.6,17.83
Brasschaat,13,2023,16695,13453,80.58,Antwerpen,1,37138,38470,38.58,997,121.9,3.59
Zelzate,424,2023,5723,4482,78.32,Oost-Vlaanderen,1,12094,13704,13.77,995,95.5,13.31
Kortrijk,548,2023,34919,25768,73.79,West-Vlaanderen,8,74790,80032,80.69,992,104.4,7.01
Sint-Niklaas,414,2023,34396,25029,72.77,Oost-Vlaanderen,4,68290,81863,84.2,972,96.6,19.88
Sint-Niklaas,415,2023,10587,7543,71.25,Oost-Vlaanderen,4,68290,81863,84.2,972,96.6,19.88
Zwijndrecht,69,2023,8309,6303,75.86,Antwerpen,2,17801,19580,20.24,967,106.3,9.99
Ottignies-Louvain-la-Neuve,509,2023,14657,9905,67.58,Waals-Brabant,3,27380,31648,33.4,948,108.5,15.59
Halle,448,2023,17762,13374,75.3,Vlaams-Brabant,3,33655,42595,44.98,947,104.4,26.56
Morlanwelz,142,2023,8276,6232,75.3,Henegouwen,3,18429,19172,20.38,941,87.3,4.03
Kontich,32,2023,9123,7491,82.11,Antwerpen,2,19874,21693,23.8,911,124.9,9.15
Waregem,575,2023,17381,14109,81.17,West-Vlaanderen,4,35839,39997,44.5,899,108.3,11.6
Sint-Pieters-Leeuw,480,2023,13854,10902,78.69,Vlaams-Brabant,5,30013,36525,40.67,898,96.8,21.7
Stabroek,58,2023,8140,6743,82.84,Antwerpen,2,17143,18826,21.42,879,114.5,9.82
Beersel,431,2023,10064,8529,84.75,Vlaams-Brabant,5,22880,26505,30.4,872,116.4,15.84
Brugge,527,2023,56201,40084,71.32,West-Vlaanderen,8,116264,119869,140.99,850,110.6,3.1
Waver,519,2023,15280,12179,79.71,Waals-Brabant,3,31033,35558,42.11,844,112.4,14.58
Sambreville,360,2023,12620,9396,74.45,Namen,7,27197,28615,34.27,835,87.5,5.21
Dendermonde,377,2023,20966,16188,77.21,Oost-Vlaanderen,8,43137,47185,56.52,835,107.3,9.38
Tubeke,515,2023,11287,8844,78.36,Waals-Brabant,4,21461,28381,32.77,835,91.0,32.24
Turnhout,59,2023,20906,14756,70.58,Antwerpen,1,38596,47305,56.71,834,92.8,22.56
Frameries,120,2023,9944,7083,71.23,Henegouwen,5,20679,21671,26.09,831,83.3,4.8
Sint-Genesius-Rode,479,2023,7230,6112,84.54,Vlaams-Brabant,1,17998,18693,22.75,822,134.3,3.86
Chapelle-lez-Herlaimont,102,2023,6541,5033,76.95,Henegouwen,3,13909,14839,18.21,815,87.5,6.69
Wevelgem,577,2023,13706,11182,81.58,West-Vlaanderen,3,31374,31884,39.14,815,103.4,1.63
Chaudfontaine,218,2023,9166,7531,82.16,Luik,4,20607,20600,25.46,809,127.0,-0.03
Duffel,16,2023,7585,6049,79.75,Antwerpen,1,15971,18062,22.6,799,113.6,13.09
Ronse,409,2023,11241,8412,74.83,Oost-Vlaanderen,1,23849,27356,34.7,788,84.9,14.71
Hasselt,172,2023,37699,28416,75.38,Limburg,8,68058,80828,102.69,787,112.6,18.76
Melle,402,2023,5042,4131,81.93,Oost-Vlaanderen,2,10349,11981,15.34,781,119.2,15.77
Temse,417,2023,13267,10520,79.29,Oost-Vlaanderen,4,25533,31271,40.1,780,106.2,22.47
Genk,167,2023,27625,21710,78.59,Limburg,1,62842,67877,87.57,775,92.9,8.01
Eigenbrakel,497,2023,16973,13800,81.31,Waals-Brabant,3,35259,40461,52.32,773,116.6,14.75
Rumst,53,2023,6353,5361,84.39,Antwerpen,3,14583,15536,20.15,771,118.0,6.54
Lier,34,2023,17210,12567,73.02,Antwerpen,2,32191,38210,49.85,766,108.9,18.7
Affligem,429,2023,5368,4586,85.43,Vlaams-Brabant,3,11651,13651,17.92,762,117.3,17.17
Deerlijk,531,2023,5338,4542,85.09,West-Vlaanderen,1,11460,12670,16.97,747,106.9,10.56
Kapellen,30,2023,11661,9561,81.99,Antwerpen,1,25671,27782,37.22,746,126.2,8.22
Opwijk,472,2023,6090,5041,82.78,Vlaams-Brabant,2,11718,14866,19.92,746,114.4,26.86
Anderlues,91,2023,5433,4154,76.46,Henegouwen,1,11540,12809,17.2,745,84.5,11.0
Flémalle,231,2023,11866,9059,76.34,Luik,7,25777,27002,36.57,738,87.4,4.75
Eeklo,379,2023,10203,7417,72.69,Oost-Vlaanderen,1,19069,22401,30.45,736,98.6,17.47
Lebbeke,394,2023,8555,6929,80.99,Oost-Vlaanderen,3,17234,20059,27.3,735,108.8,16.39
Leopoldsburg,183,2023,7198,5710,79.33,Limburg,2,13796,16607,22.6,735,97.1,20.38
Wetteren,420,2023,11903,9116,76.59,Oost-Vlaanderen,3,22795,26960,37.02,728,106.6,18.27
Keerbergen,457,2023,5516,4775,86.57,Vlaams-Brabant,1,11992,13298,18.54,717,149.9,10.89
Destelbergen,378,2023,8119,6731,82.9,Oost-Vlaanderen,2,17172,19110,26.71,715,127.7,11.29
Oupeye,257,2023,11386,9045,79.44,Luik,7,23720,25743,36.09,713,93.1,8.53
Asse,430,2023,13891,10699,77.02,Vlaams-Brabant,6,27931,35755,50.22,712,105.5,28.01
Boortmeerbeek,437,2023,5393,4610,85.48,Vlaams-Brabant,2,11397,13348,18.77,711,129.7,17.12
Tremelo,486,2023,6462,5645,87.36,Vlaams-Brabant,2,13339,15417,21.89,704,120.8,15.58
Courcelles,108,2023,13625,10268,75.36,Henegouwen,4,29706,31337,44.52,704,84.5,5.49
Herent,449,2023,9519,7748,81.4,Vlaams-Brabant,3,18848,23007,32.74,703,133.4,22.07
Ingelmunster,541,2023,4947,4031,81.48,West-Vlaanderen,1,10651,11537,16.43,702,100.6,8.32
Tervuren,483,2023,9050,7404,81.81,Vlaams-Brabant,3,20181,23077,33.62,686,128.5,14.35
Merelbeke,403,2023,10743,8760,81.54,Oost-Vlaanderen,6,21786,25229,37.0,682,126.0,15.8
Grâce-Hollogne,234,2023,9780,7571,77.41,Luik,5,22503,23261,34.17,681,83.0,3.37
Ternat,482,2023,6672,5496,82.37,Vlaams-Brabant,3,14418,16578,24.71,671,115.2,14.98
Boechout,8,2023,5794,4701,81.14,Antwerpen,2,11919,13831,20.71,668,122.8,16.04
Montigny-le-Tilleul,141,2023,4582,3782,82.54,Henegouwen,2,10351,10141,15.23,666,112.2,-2.03
Heusden-Zolder,177,2023,13818,11617,84.07,Limburg,2,30105,35017,53.4,656,97.7,16.32
Wezet,284,2023,7958,6265,78.73,Luik,6,16617,18154,27.73,655,94.2,9.25
Bergen,95,2023,46477,29928,64.39,Henegouwen,19,90935,96358,147.56,653,86.5,5.96
Namen,354,2023,53414,34961,65.45,Namen,25,105419,114142,175.93,649,97.6,8.27
Lede,395,2023,8378,6781,80.94,Oost-Vlaanderen,5,16949,19310,29.89,646,112.5,13.93
Zele,423,2023,8799,6743,76.63,Oost-Vlaanderen,1,20394,21501,33.28,646,97.8,5.43
Soumagne,267,2023,7392,6145,83.13,Luik,6,14607,17351,27.19,638,98.8,18.79
Lokeren,399,2023,17927,13961,77.88,Oost-Vlaanderen,3,36458,43554,68.24,638,102.6,19.46
Haaltert,385,2023,8382,6931,82.69,Oost-Vlaanderen,4,17274,19402,30.52,636,114.3,12.32
Fontaine-l’Evêque,119,2023,7970,6004,75.33,Henegouwen,3,16968,18122,28.66,632,84.6,6.8
Kapelle-op-den-Bos,456,2023,4181,3427,81.97,Vlaams-Brabant,3,8783,9703,15.37,631,121.3,10.47
Hamme,386,2023,10919,8609,78.84,Oost-Vlaanderen,2,22685,25554,40.53,630,101.2,12.65
Kelmis,243,2023,5180,3816,73.67,Luik,3,10121,11352,18.04,629,90.9,12.16
De Pinte,374,2023,4617,4008,86.81,Oost-Vlaanderen,2,10124,11091,17.78,624,139.4,9.55
Beringen,160,2023,19108,16112,84.32,Limburg,4,39261,48353,78.56,615,97.5,23.16
Erpe-Mere,380,2023,8948,7362,82.28,Oost-Vlaanderen,8,19249,21013,34.41,611,114.5,9.16
Hulshout,28,2023,4685,3927,83.82,Antwerpen,3,8626,10594,17.38,610,107.8,22.81
Kortenberg,459,2023,8475,6950,82.01,Vlaams-Brabant,4,17355,21165,34.7,610,123.6,21.95
Nijlen,44,2023,9894,8300,83.89,Antwerpen,3,20423,23707,39.2,605,110.5,16.08
Sint-Katelijne-Waver,57,2023,8701,7247,83.29,Antwerpen,2,19038,21792,36.16,603,115.9,14.47
Herentals,23,2023,13103,10045,76.66,Antwerpen,3,25474,28865,47.95,602,108.7,13.31
Begijnendijk,432,2023,4444,3842,86.45,Vlaams-Brabant,2,9088,10615,17.66,601,115.8,16.8
Buggenhout,373,2023,6337,5308,83.76,Oost-Vlaanderen,2,13752,14957,25.64,583,116.0,8.76
Zoersel,68,2023,9315,7876,84.55,Antwerpen,2,20164,22557,38.68,583,121.2,11.87
Meise,470,2023,8273,6941,83.9,Vlaams-Brabant,2,18347,20299,35.07,579,126.1,10.64
Overijse,474,2023,10206,8698,85.22,Vlaams-Brabant,1,23738,25970,44.99,577,129.1,9.4
Sint-Martens-Latem,413,2023,3499,2951,84.34,Oost-Vlaanderen,2,8314,8208,14.45,568,163.3,-1.27
Hoeilaart,452,2023,4560,3816,83.68,Vlaams-Brabant,1,9783,11636,20.53,567,126.9,18.94
Schilde,55,2023,8421,7184,85.31,Antwerpen,2,19562,20319,36.09,563,140.4,3.87
Olen,45,2023,5391,4491,83.31,Antwerpen,1,10895,12824,23.12,555,107.7,17.71
Ninove,406,2023,17082,13371,78.28,Oost-Vlaanderen,12,34559,40363,73.12,552,103.7,16.79
Zonhoven,198,2023,9124,7808,85.58,Limburg,1,18940,21845,39.67,551,109.6,15.34
Binche,97,2023,15198,11399,75.0,Henegouwen,8,32190,33651,61.22,550,89.4,4.54
Puurs-Sint-Amands,48,2023,11125,9268,83.31,Antwerpen,7,23296,26957,49.14,549,117.4,15.72
Roosdaal,476,2023,4770,4054,84.99,Vlaams-Brabant,4,10573,11958,21.92,546,118.9,13.1
Zemst,491,2023,9371,8155,87.02,Vlaams-Brabant,5,20553,23401,43.23,541,132.4,13.86
Putte,47,2023,8072,6777,83.96,Antwerpen,2,15394,18914,35.16,538,113.3,22.87
Steenokkerzeel,481,2023,4949,4185,84.56,Vlaams-Brabant,3,10419,12663,23.63,536,119.2,21.54
Londerzeel,467,2023,8047,6714,83.43,Vlaams-Brabant,3,17153,19404,36.53,531,117.6,13.12
Bonheiden,9,2023,6276,5278,84.1,Antwerpen,2,14089,15454,29.19,529,137.1,9.69
Knokke-Heist,544,2023,16836,12070,71.69,West-Vlaanderen,4,33148,32514,61.59,528,147.2,-1.91
Maasmechelen,187,2023,16386,13128,80.12,Limburg,8,35430,40219,76.28,527,87.3,13.52
Amay,200,2023,6330,5032,79.49,Luik,5,12987,14531,27.66,525,91.7,11.89
Wichelen,421,2023,5220,4325,82.85,Oost-Vlaanderen,3,10961,12032,23.2,519,113.2,9.77
Blegny,211,2023,5795,4946,85.35,Luik,6,12382,13482,26.08,517,106.4,8.88
Heist-op-den-Berg,21,2023,19346,15936,82.37,Antwerpen,6,37233,44505,86.67,513,110.3,19.53
Kruibeke,391,2023,7112,5710,80.29,Oost-Vlaanderen,3,14556,17072,33.53,509,111.1,17.28
Haacht,447,2023,6448,5499,85.28,Vlaams-Brabant,3,13158,15516,30.74,505,123.8,17.92
Tienen,485,2023,16153,11758,72.79,Vlaams-Brabant,9,31479,36581,72.77,503,104.2,16.21
Borgworm,212,2023,7163,5463,76.27,Luik,7,13190,15489,30.89,501,102.6,17.43
Beerse,6,2023,7533,6332,84.06,Antwerpen,2,15698,18601,37.36,498,111.6,18.49
Aarschot,428,2023,14197,11168,78.66,Vlaams-Brabant,4,27495,31138,63.04,494,113.2,13.25
Dour,110,2023,7348,5326,72.48,Henegouwen,4,16865,16567,33.62,493,82.1,-1.77
Berlaar,7,2023,5038,4131,82.0,Antwerpen,2,10150,12061,24.53,492,107.0,18.83
Zulte,426,2023,6833,5735,83.93,Oost-Vlaanderen,3,14528,16095,32.76,491,108.2,10.79
Aiseau-Presles,90,2023,4728,3741,79.12,Henegouwen,4,10931,10978,22.42,490,88.2,0.43
Zottegem,425,2023,12618,9788,77.57,Oost-Vlaanderen,11,24574,28085,57.46,489,115.0,14.29
Evergem,381,2023,15340,12900,84.09,Oost-Vlaanderen,4,31155,36860,75.37,489,111.1,18.31
Merchtem,471,2023,7569,6108,80.7,Vlaams-Brabant,3,14250,18029,36.9,489,117.1,26.52
Terhulpen,514,2023,3191,2642,82.8,Waals-Brabant,1,6943,7530,15.52,485,124.8,8.45
Oostrozebeke,563,2023,3422,2855,83.43,West-Vlaanderen,1,7317,8064,16.72,482,100.1,10.21
Bornem,11,2023,9707,7832,80.68,Antwerpen,4,19939,22076,46.19,478,118.9,10.72
Nijvel,507,2023,13713,9990,72.85,Waals-Brabant,5,23751,29070,60.83,478,112.6,22.39
Rotselaar,477,2023,7223,6151,85.16,Vlaams-Brabant,3,14587,17672,37.22,475,126.8,21.15
Oudenaarde,408,2023,14576,11457,78.6,Oost-Vlaanderen,13,27788,32702,68.92,474,109.4,17.68
Diepenbeek,165,2023,8363,7003,83.74,Limburg,1,17173,19607,41.41,473,107.4,14.17
Avelgem,523,2023,4505,3641,80.82,West-Vlaanderen,5,9148,10406,22.12,470,100.1,13.75
Scherpenheuvel-Zichem,478,2023,10656,8780,82.39,Vlaams-Brabant,5,21720,24001,51.15,469,109.2,10.5
Kasteelbrakel,504,2023,4267,3622,84.88,Waals-Brabant,2,8994,10646,22.75,468,115.5,18.37
Torhout,572,2023,9231,7298,79.06,West-Vlaanderen,1,18838,20965,45.32,463,103.4,11.29
Wielsbeke,578,2023,4090,3440,84.11,West-Vlaanderen,3,8911,10138,21.92,463,99.1,13.77
Westerlo,62,2023,10849,9168,84.51,Antwerpen,4,21960,25625,55.47,462,109.0,16.69
Hoei,239,2023,10410,7099,68.19,Luik,3,19056,21706,47.64,456,92.5,13.91
Ranst,49,2023,8237,7037,85.43,Antwerpen,4,17575,19776,43.67,453,119.4,12.52
Mont-Saint-Guibert,506,2023,3451,2926,84.79,Waals-Brabant,3,5871,8407,18.72,449,117.2,43.2
Lanaken,182,2023,11493,9363,81.47,Limburg,5,23500,26366,58.95,447,101.3,12.2
Lendelede,552,2023,2513,2072,82.45,West-Vlaanderen,1,5502,5881,13.27,443,103.5,6.89
Wervik,576,2023,8201,6481,79.03,West-Vlaanderen,2,17796,19209,43.77,439,92.0,7.94
Geraardsbergen,384,2023,15144,11615,76.7,Oost-Vlaanderen,16,30945,34999,80.05,437,103.5,13.1
Stekene,416,2023,8365,6968,83.3,Oost-Vlaanderen,2,16532,19589,45.26,433,108.9,18.49
Bilzen,161,2023,13938,11477,82.34,Limburg,13,29355,32782,75.98,431,102.8,11.67
Koksijde,546,2023,11541,8757,75.88,West-Vlaanderen,3,19729,21546,50.36,428,139.8,9.21
Diest,439,2023,10906,8522,78.14,Vlaams-Brabant,6,22132,24971,58.72,425,110.4,12.83
Welkenraedt,283,2023,4559,3636,79.75,Luik,2,8801,10464,24.72,423,95.1,18.9
Alken,158,2023,4966,4231,85.2,Limburg,1,10900,11918,28.24,422,109.9,9.34
Gavere,382,2023,5680,4724,83.17,Oost-Vlaanderen,6,11847,13311,31.6,421,119.8,12.36
De Panne,530,2023,5743,3978,69.27,West-Vlaanderen,2,9722,11021,26.63,414,107.0,13.36
Essen,18,2023,8053,6724,83.5,Antwerpen,1,16407,19630,47.57,413,100.7,19.64
Pelt,191,2023,14677,12109,82.5,Limburg,3,27911,34433,83.78,411,100.5,23.37
Jemeppe-sur-Sambre,351,2023,8150,6730,82.58,Namen,8,17523,19225,46.94,410,96.5,9.71
Grobbendonk,20,2023,4957,4222,85.17,Antwerpen,2,10449,11607,28.37,409,113.7,11.08
Berlare,370,2023,6743,5550,82.31,Oost-Vlaanderen,3,13679,15486,38.23,405,109.1,13.21
Zwevegem,583,2023,10834,9088,83.88,West-Vlaanderen,5,23489,25785,63.61,405,106.8,9.77
Baarle-Hertog,4,2023,1265,1027,81.19,Antwerpen,1,2120,3001,7.41,405,87.5,41.56
Court-Saint-Etienne,496,2023,4355,3635,83.47,Waals-Brabant,1,8746,10854,26.88,404,109.9,24.1
Herenthout,24,2023,4151,3421,82.41,Antwerpen,1,8302,9454,23.61,400,105.6,13.88
Sint-Lievens-Houtem,412,2023,4515,3774,83.59,Oost-Vlaanderen,5,9171,10687,27.05,395,115.1,16.53
Houthalen-Helchteren,179,2023,12379,10451,84.43,Limburg,2,29215,30896,78.23,395,93.9,5.75
Herzele,387,2023,8049,6634,82.42,Oost-Vlaanderen,8,16276,18928,47.9,395,113.6,16.29
Laakdal,33,2023,7305,6278,85.94,Antwerpen,4,14806,16753,42.43,395,106.6,13.15
Ledegem,551,2023,4103,3434,83.69,West-Vlaanderen,3,9344,9779,24.83,394,98.8,4.66
Sint-Truiden,193,2023,18560,14074,75.83,Limburg,15,37147,41469,107.12,387,103.2,11.63
Zedelgem,580,2023,9854,8390,85.14,West-Vlaanderen,4,22020,23460,60.66,387,109.9,6.54
Aubange,287,2023,7383,5571,75.46,Luxemburg,4,14663,17845,46.11,387,89.4,21.7
Laarne,393,2023,5408,4570,84.5,Oost-Vlaanderen,2,11610,12532,32.58,385,120.6,7.94
Fleurus,118,2023,9969,7639,76.63,Henegouwen,8,22380,22915,59.48,385,87.6,2.39
Geel,19,2023,18389,14522,78.97,Antwerpen,1,33677,42331,110.2,384,108.3,25.7
Lochristi,398,2023,9347,8027,85.88,Oost-Vlaanderen,4,18907,23028,60.66,380,120.5,21.8
Oud-Turnhout,46,2023,5986,5063,84.58,Antwerpen,1,12413,14828,39.17,379,111.8,19.46
Meulebeke,557,2023,4841,4011,82.85,West-Vlaanderen,1,11055,11123,29.49,377,99.2,0.62
Esneux,226,2023,6108,4922,80.58,Luik,2,13178,12827,34.13,376,119.6,-2.66
As,159,2023,3436,2962,86.2,Limburg,2,7213,8259,22.13,373,105.6,14.5
Pepinster,258,2023,3986,3133,78.6,Luik,4,9292,9274,24.89,373,91.5,-0.19
Kampenhout,455,2023,4981,4334,87.01,Vlaams-Brabant,4,10732,12528,33.65,372,123.7,16.73
Tessenderlo,194,2023,8219,6950,84.56,Limburg,1,15819,19011,51.64,368,109.5,20.18
Edingen,112,2023,6187,4616,74.61,Henegouwen,3,10863,14509,39.4,368,106.4,33.56
Oud-Heverlee,473,2023,4539,3926,86.49,Vlaams-Brabant,5,10522,11474,31.18,368,145.1,9.05
Tongeren,195,2023,14094,10930,77.55,Limburg,17,29723,32138,87.81,366,100.8,8.13
Sint-Gillis-Waas,410,2023,8249,6917,83.85,Oost-Vlaanderen,4,17302,20144,55.49,363,111.3,16.43
Dessel,15,2023,4123,3416,82.85,Antwerpen,1,8545,9892,27.45,360,101.3,15.76
Anzegem,521,2023,6397,5415,84.65,West-Vlaanderen,6,13718,15148,42.35,358,108.7,10.42
Lichtervelde,553,2023,3884,3174,81.72,West-Vlaanderen,1,8270,9319,26.16,356,102.9,12.68
Deinze,375,2023,19575,15822,80.83,Oost-Vlaanderen,17,38552,45471,128.03,355,113.2,17.95
Waasmunster,418,2023,4669,3904,83.62,Oost-Vlaanderen,1,10237,11296,32.27,350,125.4,10.34
Nazareth,405,2023,5200,4433,85.25,Oost-Vlaanderen,2,10876,12305,35.43,347,118.6,13.14
Ham,170,2023,4791,4067,84.89,Limburg,2,9326,11338,32.79,346,104.9,21.57
Saint-Georges-sur-Meuse,262,2023,3076,2533,82.35,Luik,1,6785,7230,20.93,345,95.5,6.56
Nieuwpoort,560,2023,6168,4271,69.24,West-Vlaanderen,3,10261,11455,33.28,344,110.9,11.64
Awans,205,2023,3887,3297,84.82,Luik,5,8270,9344,27.22,343,107.2,12.99
Bertem,434,2023,4135,3527,85.3,Vlaams-Brabant,3,8843,10242,29.99,342,125.9,15.82
Lommel,184,2023,14967,12296,82.15,Limburg,1,30433,34913,102.28,341,100.7,14.72
Lievegem,397,2023,11635,9667,83.09,Oost-Vlaanderen,6,25509,27225,80.78,337,113.0,6.73
Mol,41,2023,16775,13426,80.04,Antwerpen,1,31683,38534,114.55,336,104.6,21.62
Saint-Ghislain,151,2023,10863,8318,76.57,Henegouwen,7,22096,23743,70.59,336,94.1,7.45
Maaseik,186,2023,11228,9060,80.69,Limburg,3,22852,25823,77.18,335,99.5,13.0
Hoeselt,178,2023,4255,3613,84.91,Limburg,5,9133,10080,30.1,335,104.8,10.37
Brecht,14,2023,12469,10652,85.43,Antwerpen,3,25091,30610,91.46,335,114.2,22.0
Zandhoven,67,2023,5681,4817,84.79,Antwerpen,5,12085,13445,40.1,335,114.5,11.25
Estaimpuis,115,2023,4469,3641,81.47,Henegouwen,7,9538,10748,32.08,335,93.2,12.69
Dentergem,532,2023,3517,2962,84.22,West-Vlaanderen,4,7868,8722,26.09,334,101.2,10.85
Lubbeek,468,2023,6072,5174,85.21,Vlaams-Brabant,4,13620,15124,45.28,334,136.5,11.04
Beveren,371,2023,21546,17290,80.25,Oost-Vlaanderen,8,44977,50838,152.68,333,114.6,13.03
Ecaussinnes,111,2023,4802,3871,80.61,Henegouwen,3,9620,11572,34.86,332,97.2,20.29
Trooz,276,2023,3506,2855,81.43,Luik,3,7689,8058,24.26,332,100.8,4.8
Hamont-Achel,171,2023,6078,5058,83.22,Limburg,2,13585,14507,43.73,332,96.3,6.79
Kalmthout,29,2023,8089,6677,82.54,Antwerpen,1,17260,19672,59.41,331,116.0,13.97
Andenne,329,2023,12230,9451,77.28,Namen,10,23529,28187,86.11,327,92.0,19.8
Dilsen-Stokkem,166,2023,8833,7399,83.77,Limburg,5,18187,21346,65.89,324,95.7,17.37
Nieuwerkerken,188,2023,3016,2555,84.71,Limburg,4,6483,7295,22.51,324,103.7,12.53
Moorslede,559,2023,4817,3970,82.42,West-Vlaanderen,2,10733,11473,35.45,324,98.4,6.89
Oosterzele,407,2023,5833,4911,84.19,Oost-Vlaanderen,6,13204,14062,43.57,323,122.8,6.5
Balen,5,2023,9850,8222,83.47,Antwerpen,2,19290,23523,72.99,322,104.3,21.94
Quiévrain,148,2023,3129,2163,69.13,Henegouwen,3,6713,6865,21.48,320,80.2,2.26
Doornik,109,2023,32351,22687,70.13,Henegouwen,30,67379,68554,215.34,318,93.8,1.74
Wanze,280,2023,6041,5020,83.1,Luik,6,12026,14010,44.04,318,104.3,16.5
Ichtegem,539,2023,6081,5033,82.77,West-Vlaanderen,3,13242,14516,45.78,317,98.5,9.62
Neupré,253,2023,4331,3816,88.11,Luik,4,9513,10010,31.74,315,131.1,5.22
Pont-à-Celles,145,2023,7294,6058,83.05,Henegouwen,7,16081,17650,56.1,315,105.3,9.76
Herve,238,2023,7613,6395,84.0,Luik,8,16469,17850,56.84,314,104.8,8.39
Malle,37,2023,6694,5401,80.68,Antwerpen,2,13922,16194,51.9,312,109.5,16.32
Landen,461,2023,6997,5554,79.38,Vlaams-Brabant,14,14288,16390,53.3,308,108.3,14.71
Lennik,462,2023,3759,3185,84.73,Vlaams-Brabant,3,8588,9471,31.12,304,125.7,10.28
Oostkamp,562,2023,10242,8561,83.59,West-Vlaanderen,4,21218,24275,80.13,303,111.9,14.41
Ham-sur-Heure-Nalinnes,124,2023,5955,5152,86.52,Henegouwen,5,13253,13825,45.71,302,118.5,4.32
Komen-Waasten,128,2023,8028,6081,75.75,Henegouwen,5,17564,18391,61.34,300,80.4,4.71
Tielt,571,2023,9022,7153,79.28,West-Vlaanderen,4,19208,20627,68.85,300,102.9,7.39
Mesen,556,2023,473,362,76.53,West-Vlaanderen,1,964,1075,3.6,299,78.7,11.51
Lasne,505,2023,5662,4972,87.81,Waals-Brabant,5,13512,14198,47.57,298,142.6,5.08
Herk-de-Stad,175,2023,5439,4625,85.03,Limburg,4,11615,12841,43.03,298,111.5,10.56
Riemst,192,2023,7123,5934,83.31,Limburg,10,15617,16896,58.06,291,101.6,8.19
Vorselaar,60,2023,3469,2861,82.47,Antwerpen,1,7353,8034,27.62,291,107.8,9.26
Lille,35,2023,7104,5999,84.45,Antwerpen,4,15021,17026,59.62,286,108.3,13.35
Gistel,534,2023,5282,4218,79.86,West-Vlaanderen,4,11085,12244,42.84,286,104.1,10.46
Meerhout,39,2023,4501,3717,82.58,Antwerpen,1,9192,10396,36.54,285,106.2,13.1
Lummen,185,2023,6503,5576,85.75,Limburg,3,13501,15320,53.7,285,110.9,13.47
Péruwelz,146,2023,7605,5802,76.29,Henegouwen,10,16867,17318,61.0,284,87.3,2.67
Rebecq,512,2023,4444,3736,84.07,Waals-Brabant,3,9877,11133,39.26,284,101.6,12.72
Herselt,25,2023,6365,5262,82.67,Antwerpen,2,13632,14838,52.37,283,107.3,8.85
Wellen,197,2023,3244,2760,85.08,Limburg,4,6725,7490,26.8,279,107.5,11.38
Oudenburg,564,2023,4315,3546,82.18,West-Vlaanderen,4,8810,9933,35.6,279,103.1,12.75
Boutersem,438,2023,3405,2873,84.38,Vlaams-Brabant,6,7234,8634,31.14,277,125.9,19.35
De Haan,529,2023,6604,4899,74.18,West-Vlaanderen,3,11355,12718,46.14,276,121.0,12.0
’s Gravenbrakel,157,2023,9647,7531,78.07,Henegouwen,6,19084,23443,84.87,276,99.7,22.84
Gembloux,345,2023,11327,9043,79.84,Namen,12,20484,26496,96.48,275,110.4,29.35
Jabbeke,543,2023,6202,5213,84.05,West-Vlaanderen,5,13609,14832,53.86,275,115.9,8.99
Juprelle,242,2023,4043,3483,86.15,Luik,8,8145,9733,35.47,274,106.1,19.5
Kasterlee,31,2023,8271,6873,83.1,Antwerpen,3,17554,19648,72.27,272,113.9,11.93
Bernissart,96,2023,5185,4081,78.71,Henegouwen,5,11433,11878,43.81,271,91.4,3.89
Ieper,540,2023,16000,12304,76.9,West-Vlaanderen,11,35071,35550,131.45,270,99.6,1.37
Bierbeek,436,2023,4175,3513,84.14,Vlaams-Brabant,4,8822,10534,38.97,270,134.5,19.41
Gerpinnes,123,2023,5671,4779,84.27,Henegouwen,6,12050,12863,47.68,270,114.8,6.75
Hooglede,537,2023,4183,3516,84.05,West-Vlaanderen,2,9750,10235,38.11,269,104.3,4.97
Ardooie,522,2023,4046,3295,81.44,West-Vlaanderen,2,9508,9355,34.92,268,101.6,-1.61
Rijkevorsel,52,2023,5090,4208,82.67,Antwerpen,1,10455,12561,46.84,268,99.0,20.14
Brakel,372,2023,6427,5323,82.82,Oost-Vlaanderen,7,13709,15073,56.96,265,109.5,9.95
Remicourt,261,2023,2515,2175,86.48,Luik,5,4753,6009,22.83,263,111.1,26.43
Aarlen,285,2023,14370,10193,70.93,Luxemburg,6,24791,31310,119.06,263,115.3,26.3
Holsbeek,453,2023,4127,3502,84.86,Vlaams-Brabant,4,8857,10207,38.78,263,127.4,15.24
Bree,164,2023,7403,6032,81.48,Limburg,5,14001,16967,64.98,261,99.4,21.18
Halen,169,2023,4117,3440,83.56,Limburg,3,8216,9545,36.6,261,108.9,16.18
Zinnik,156,2023,11973,9081,75.85,Henegouwen,7,24582,29032,111.27,261,95.1,18.1
Lierde,396,2023,2851,2430,85.23,Oost-Vlaanderen,4,6291,6874,26.32,261,111.6,9.27
Tielt-Winge,484,2023,4763,4049,85.01,Vlaams-Brabant,4,9814,11604,44.62,260,113.8,18.24
Maldegem,401,2023,10828,8871,81.93,Oost-Vlaanderen,3,22036,24744,95.63,259,105.0,12.29
Hensies,125,2023,2975,2307,77.55,Henegouwen,4,6782,6816,26.41,258,86.8,0.5
Kortessem,181,2023,3714,3152,84.87,Limburg,5,8010,8757,33.99,258,107.3,9.33
Lessen,133,2023,8119,6174,76.04,Henegouwen,8,17178,18735,72.67,258,91.4,9.06
Olne,255,2023,1742,1566,89.9,Luik,1,3731,4142,16.04,258,118.0,11.02
Galmaarden,442,2023,3625,3057,84.33,Vlaams-Brabant,3,7741,8931,35.29,253,114.8,15.37
Graven,500,2023,5575,4815,86.37,Waals-Brabant,5,11827,14064,55.55,253,123.2,18.91
Huldenberg,454,2023,4004,3477,86.84,Vlaams-Brabant,5,9009,10083,39.95,252,126.3,11.92
Middelkerke,558,2023,10391,7171,69.01,West-Vlaanderen,9,16583,19855,79.04,251,106.6,19.73
Staden,570,2023,4824,3955,81.99,West-Vlaanderen,3,10986,11677,46.82,249,96.2,6.29
Aalter,368,2023,12891,10696,82.97,Oost-Vlaanderen,6,26303,29787,119.85,249,114.5,13.25
Spa,268,2023,4877,3343,68.55,Luik,1,10333,9812,39.85,246,95.4,-5.04
Zwalm,427,2023,3459,2927,84.62,Oost-Vlaanderen,12,7683,8340,33.88,246,117.9,8.55
Chastre,494,2023,2989,2616,87.52,Waals-Brabant,4,6487,7728,31.57,245,114.5,19.13
Retie,51,2023,4847,4081,84.2,Antwerpen,1,9733,11867,48.5,245,104.3,21.93
Profondeville,358,2023,5365,4573,85.24,Namen,6,10741,12318,50.37,245,110.5,14.68
Chaumont-Gistoux,495,2023,4770,4233,88.74,Waals-Brabant,6,10141,11818,48.33,245,131.4,16.54
Wuustwezel,66,2023,8987,7450,82.9,Antwerpen,2,17552,21794,89.41,244,105.5,24.17
Arendonk,3,2023,5590,4631,82.84,Antwerpen,1,11805,13391,55.15,243,98.0,13.43
Antoing,92,2023,3430,2630,76.68,Henegouwen,6,7481,7623,31.33,243,88.0,1.9
Gooik,445,2023,3864,3254,84.21,Vlaams-Brabant,4,8834,9527,40.21,237,117.2,7.84
Bitsingen,210,2023,3917,3297,84.17,Luik,6,8176,9028,38.21,236,98.7,10.42
Aat,89,2023,13737,10359,75.41,Henegouwen,19,25430,30048,127.9,235,101.5,18.16
Comblain-au-Pont,220,2023,2334,1836,78.66,Luik,2,5189,5319,22.63,235,92.3,2.51
Sombreffe,361,2023,3415,2922,85.56,Namen,4,7305,8388,35.89,234,103.9,14.83
Bocholt,162,2023,5878,4944,84.11,Limburg,3,11887,13753,59.29,232,93.8,15.7
Villers-la-Ville,516,2023,4381,3832,87.47,Waals-Brabant,5,9092,11114,48.03,231,114.8,22.24
Kortemark,547,2023,5403,4462,82.58,West-Vlaanderen,4,12232,12815,55.43,231,96.2,4.77
Zutendaal,199,2023,3201,2704,84.47,Limburg,1,6755,7384,32.11,230,106.4,9.31
Berloz,208,2023,1369,1182,86.34,Luik,3,2620,3344,14.51,230,105.5,27.63
Lijsem,245,2023,1375,1160,84.36,Luik,3,2806,3375,14.73,229,109.2,20.28
Beloeil,94,2023,6248,5025,80.43,Henegouwen,10,13226,14244,62.26,229,92.5,7.7
Limburg,246,2023,2390,1876,78.49,Luik,3,5495,5654,24.64,229,95.1,2.89
Wachtebeke,419,2023,3306,2759,83.45,Oost-Vlaanderen,1,6809,7897,34.63,228,108.7,15.98
Engis,225,2023,2799,2201,78.64,Luik,3,5689,6296,27.74,227,87.0,10.67
Hélécine,501,2023,1569,1316,83.88,Waals-Brabant,3,2848,3848,16.98,227,101.5,35.11
Kinrooi,180,2023,5179,4380,84.57,Limburg,4,11749,12406,54.8,226,96.1,5.59
Aubel,204,2023,1827,1518,83.09,Luik,1,3851,4252,18.85,226,113.3,10.41
Borgloon,163,2023,4940,4019,81.36,Limburg,13,10116,11580,51.32,226,104.3,14.47
Kluisbergen,390,2023,2923,2426,83.0,Oost-Vlaanderen,4,6086,6888,30.63,225,107.9,13.18
Beernem,524,2023,6841,5707,83.42,West-Vlaanderen,3,14525,16259,72.42,225,107.1,11.94
Erquelinnes,114,2023,4479,3329,74.32,Henegouwen,6,9713,10039,44.54,225,81.9,3.36
Koekelare,545,2023,3911,3199,81.79,West-Vlaanderen,3,8154,8827,39.44,224,97.2,8.25
Kruisem,392,2023,6700,5688,84.9,Oost-Vlaanderen,6,14452,15961,71.59,223,115.5,10.44
Rumes,150,2023,2305,1863,80.82,Henegouwen,3,5064,5351,24.01,223,91.6,5.67
Les Bons Villers,132,2023,4047,3438,84.95,Henegouwen,5,8728,9586,42.97,223,110.0,9.83
Wingene,579,2023,6243,5274,84.48,West-Vlaanderen,2,12517,15161,68.54,221,102.4,21.12
Dalhem,222,2023,3302,2864,86.74,Luik,8,6145,7712,36.11,214,110.2,25.5
Hoogstraten,26,2023,9245,7584,82.03,Antwerpen,5,17751,22278,105.39,211,99.9,25.5
Lontzen,247,2023,2512,2127,84.67,Luik,2,5010,6058,28.71,211,98.1,20.92
Crisnée,221,2023,1502,1320,87.88,Luik,5,2584,3539,16.97,209,113.6,36.96
Eupen,227,2023,9347,6854,73.33,Luik,2,17516,20093,96.0,209,97.1,14.71
Villers-Le-Bouillet,279,2023,2758,2371,85.97,Luik,5,5653,6836,32.86,208,105.7,20.93
Floreffe,341,2023,3322,2843,85.58,Namen,4,7092,8082,39.12,207,105.3,13.96
Oerle,254,2023,1724,1441,83.58,Luik,5,3317,4028,19.5,207,105.0,21.44
Oudsbergen,189,2023,9796,8448,86.24,Limburg,6,21642,23875,116.37,205,101.7,10.32
Sprimont,269,2023,6497,5573,85.78,Luik,5,12426,15141,74.46,203,115.0,21.85
Plombières,259,2023,4579,3758,82.07,Luik,5,9361,10771,53.17,203,90.7,15.06
Geldenaken,498,2023,6223,4947,79.5,Waals-Brabant,10,11483,14899,73.73,202,107.9,29.75
Hoegaarden,451,2023,2846,2369,83.24,Vlaams-Brabant,3,6014,6873,34.13,201,121.3,14.28
Le Roeulx,130,2023,3755,3049,81.2,Henegouwen,5,7931,8708,43.41,201,103.5,9.8
Glabbeek,444,2023,2210,1934,87.51,Vlaams-Brabant,4,5071,5425,26.99,201,119.6,6.98
Walhain,517,2023,2984,2616,87.67,Waals-Brabant,3,5412,7607,38.08,200,119.1,40.56
Pittem,565,2023,2864,2419,84.46,West-Vlaanderen,2,6629,6946,34.69,200,99.8,4.78
Itter,503,2023,2749,2366,86.07,Waals-Brabant,3,5651,7013,35.03,200,113.3,24.1
Merksplas,40,2023,3476,2899,83.4,Antwerpen,1,8055,8883,44.61,199,102.7,10.28
Linter,466,2023,3122,2650,84.88,Vlaams-Brabant,7,6852,7323,36.87,199,112.0,6.87
Hannuit,236,2023,7268,6028,82.94,Luik,18,13242,17134,86.49,198,107.9,29.39
Kaprijke,389,2023,2780,2361,84.93,Oost-Vlaanderen,2,6175,6660,33.64,198,113.8,7.85
Thimister-Clermont,273,2023,2282,1997,87.51,Luik,2,5075,5587,28.64,195,107.7,10.09
Thuin,154,2023,6852,5438,79.36,Henegouwen,8,14603,14871,76.65,194,101.4,1.84
Spiere-Helkijn,569,2023,888,729,82.09,West-Vlaanderen,2,1858,2063,10.82,191,99.7,11.03
Leuze-en-Hainaut,134,2023,6231,4752,76.26,Henegouwen,10,13031,14201,74.46,191,95.7,8.98
Peer,190,2023,7010,5918,84.42,Limburg,4,15251,16585,87.24,190,100.1,8.75
Perwijs,510,2023,4010,3410,85.04,Waals-Brabant,5,7057,9704,51.17,190,112.9,37.51
Bevekom,493,2023,2862,2499,87.32,Waals-Brabant,5,6199,7233,38.57,188,118.4,16.68
Zonnebeke,581,2023,5316,4470,84.09,West-Vlaanderen,5,11545,12705,68.09,187,98.8,10.05
Jurbeke,127,2023,4551,3657,80.36,Henegouwen,6,9229,10868,58.18,187,108.8,17.76
Houthulst,538,2023,4319,3456,80.02,West-Vlaanderen,3,8946,10464,56.02,187,93.7,16.97
Marchin,250,2023,2374,2025,85.3,Luik,2,4935,5612,30.16,186,104.7,13.72
Zoutleeuw,492,2023,3703,3060,82.64,Vlaams-Brabant,5,7791,8734,46.85,186,107.6,12.1
Lobbes,135,2023,2534,2073,81.81,Henegouwen,4,5520,5949,32.23,185,104.8,7.77
Bekkevoort,433,2023,2881,2317,80.42,Vlaams-Brabant,3,5726,6771,37.28,182,113.0,18.25
Seneffe,152,2023,4876,4023,82.51,Henegouwen,5,10528,11624,63.77,182,108.7,10.41
Pecq,144,2023,2525,2079,82.34,Henegouwen,5,5157,5966,33.15,180,95.8,15.69
Ruiselede,568,2023,2272,1949,85.78,West-Vlaanderen,1,5048,5484,30.62,179,102.0,8.64
Horebeke,388,2023,793,702,88.52,Oost-Vlaanderen,2,1968,2012,11.25,179,128.9,2.24
Verlaine,277,2023,1730,1557,90.0,Luik,4,3429,4361,24.4,179,114.5,27.18
Orp-Jauche,508,2023,3635,3143,86.46,Waals-Brabant,7,7437,9094,50.8,179,108.5,22.28
Moerbeke,404,2023,2888,2409,83.41,Oost-Vlaanderen,1,5753,6758,37.93,178,109.5,17.47
Genepiën,499,2023,6461,5474,84.72,Waals-Brabant,8,13757,16068,90.35,178,117.8,16.8
Fexhe-le-Haut-Clocher,230,2023,1431,1267,88.54,Luik,5,2930,3426,19.45,176,109.6,16.93
La Bruyère,352,2023,3556,3199,89.96,Namen,7,7836,9351,53.04,176,118.1,19.33
Geetbets,443,2023,2622,2191,83.56,Vlaams-Brabant,3,5793,6261,35.52,176,104.0,8.08
Brunehaut,100,2023,3379,2797,82.78,Henegouwen,9,7446,8099,46.55,174,93.1,8.77
Hechtel-Eksel,173,2023,5301,4472,84.36,Limburg,2,11149,12965,76.68,169,99.9,16.29
Assenede,369,2023,6410,5253,81.95,Oost-Vlaanderen,4,13579,14650,87.5,167,109.8,7.89
Fosses-la-Ville,343,2023,4414,3675,83.26,Namen,6,8750,10418,63.31,165,97.2,19.06
Poperinge,566,2023,8636,6845,79.26,West-Vlaanderen,6,19254,19921,120.37,165,92.8,3.46
Ravels,50,2023,6441,5307,82.39,Antwerpen,3,13099,15514,95.13,163,96.8,18.44
Eghezée,339,2023,6723,5823,86.61,Namen,16,13414,16866,103.22,163,110.8,25.73
Messancy,312,2023,3497,2815,80.5,Luxemburg,5,6902,8549,52.62,162,118.5,23.86
Aywaille,206,2023,5831,4631,79.42,Luik,4,10065,12880,79.92,161,99.4,27.97
Kortenaken,458,2023,3265,2785,85.3,Vlaams-Brabant,5,7443,7949,49.44,161,110.0,6.8
Yvoir,366,2023,4029,3360,83.4,Namen,9,7914,9136,57.11,160,104.7,15.44
Nandrin,252,2023,2354,2137,90.78,Luik,4,5376,5745,36.13,159,126.3,6.86
Gingelom,168,2023,3583,3054,85.24,Limburg,11,7600,8732,56.34,155,109.9,14.89
Wortegem-Petegem,422,2023,2649,2321,87.62,Oost-Vlaanderen,5,6071,6552,42.47,154,118.7,7.92
Raeren,260,2023,4793,3823,79.76,Luik,3,9550,11136,72.81,153,108.7,16.61
Herne,450,2023,2763,2351,85.09,Vlaams-Brabant,3,6372,6825,44.66,153,117.4,7.11
Langemark-Poelkapelle,550,2023,3354,2845,84.82,West-Vlaanderen,3,7656,8100,53.07,153,97.7,5.8
Geer,233,2023,1430,1266,88.53,Luik,7,2570,3558,23.6,151,109.4,38.44
Chièvres,105,2023,2889,2381,82.42,Henegouwen,6,6006,7168,47.37,151,96.2,19.35
Braives,213,2023,2609,2266,86.85,Luik,8,5352,6554,44.05,149,107.1,22.46
Walcourt,365,2023,8027,6718,83.69,Namen,16,16840,18465,123.64,149,102.0,9.65
Vloesberg,155,2023,1493,1200,80.38,Henegouwen,1,3194,3434,23.28,148,104.1,7.51
Marche-en-Famenne,309,2023,7951,6237,78.44,Luxemburg,7,16390,17972,122.07,147,93.9,9.65
Incourt,502,2023,2295,2004,87.32,Waals-Brabant,5,4114,5662,38.91,146,118.8,37.63
Héron,240,2023,2201,1953,88.73,Luik,4,4195,5598,38.41,146,108.7,33.44
Faimes,228,2023,1614,1429,88.54,Luik,5,3155,4128,28.53,145,112.9,30.84
Theux,272,2023,5184,4398,84.84,Luik,3,11170,12052,83.48,144,108.7,7.9
Mont-de-l’Enclus,140,2023,1566,1315,83.97,Henegouwen,4,3172,3879,27.16,143,100.6,22.29
Heers,174,2023,3159,2677,84.74,Limburg,12,6575,7593,53.06,143,101.0,15.48
Ramillies,511,2023,2567,2225,86.68,Waals-Brabant,7,5295,6700,49.08,137,111.0,26.53
Maarkedal,400,2023,2522,2194,86.99,Oost-Vlaanderen,4,6448,6323,46.15,137,117.4,-1.94
Merbes-le-Château,137,2023,1812,1445,79.75,Henegouwen,4,4032,4171,30.53,137,89.6,3.45
Hamoir,235,2023,1739,1400,80.51,Luik,3,3510,3780,27.75,136,96.9,7.69
Brugelette,99,2023,1653,1306,79.01,Henegouwen,5,3344,3853,28.59,135,91.1,15.22
Donceel,224,2023,1334,1180,88.46,Luik,4,2653,3119,23.45,133,116.6,17.57
Dinant,337,2023,6430,4354,67.71,Namen,11,12735,13328,100.05,133,87.1,4.66
Musson,313,2023,1900,1604,84.42,Luxemburg,2,3893,4668,35.37,132,99.0,19.91
Elzele,113,2023,2553,2136,83.67,Henegouwen,3,5580,5970,45.11,132,102.4,6.99
Malmedy,249,2023,5993,4611,76.94,Luik,3,11144,12950,100.37,129,95.8,16.21
Veurne,573,2023,5673,4346,76.61,West-Vlaanderen,11,11854,12542,97.21,129,99.5,5.8
Pepingen,475,2023,1718,1491,86.79,Vlaams-Brabant,6,4247,4592,35.93,128,123.7,8.12
Wasseiges,281,2023,1269,1120,88.26,Luik,4,2241,3138,24.48,128,100.1,40.03
Fernelmont,340,2023,3296,2910,88.29,Namen,10,6298,8210,65.82,125,112.9,30.36
Quévy,149,2023,3454,2885,83.53,Henegouwen,10,7474,8168,65.38,125,102.2,9.29
Opzullik,143,2023,3378,2924,86.56,Henegouwen,8,7471,8475,68.57,124,112.8,13.44
Damme,528,2023,4807,3988,82.96,West-Vlaanderen,6,11058,11207,90.36,124,112.3,1.35
Virton,327,2023,5126,3938,76.82,Luxemburg,6,11009,11368,95.63,119,94.1,3.26
Bever,435,2023,925,804,86.92,Vlaams-Brabant,1,1980,2276,19.24,118,109.5,14.95
Honnelles,126,2023,2287,1866,81.59,Henegouwen,10,5052,5176,44.27,117,99.8,2.45
Mettet,353,2023,5705,4858,85.15,Namen,9,11317,13529,116.97,116,99.2,19.55
Ciney,335,2023,7822,5846,74.74,Namen,9,14452,17183,147.87,116,95.7,18.9
Gesves,346,2023,2960,2615,88.34,Namen,5,5767,7481,65.03,115,109.9,29.72
Diksmuide,533,2023,7599,6021,79.23,West-Vlaanderen,15,15443,17228,150.74,114,96.1,11.56
Anthisnes,203,2023,1832,1606,87.66,Luik,4,3881,4220,37.32,113,107.6,8.73
Hastière,348,2023,3205,2305,71.92,Namen,7,4976,6148,56.59,109,82.9,23.55
Estinnes,116,2023,3375,2750,81.48,Henegouwen,9,7521,7955,73.29,109,96.7,5.77
Frasnes-lez-Anvaing,121,2023,5079,4286,84.39,Henegouwen,14,10872,12134,112.86,108,100.0,11.61
Anhée,330,2023,3115,2550,81.86,Namen,7,6771,7135,66.03,108,96.7,5.38
Modave,251,2023,1795,1577,87.86,Luik,4,3588,4207,40.42,104,108.4,17.25
Saint-Léger,320,2023,1519,1285,84.6,Luxemburg,3,3192,3716,36.25,103,109.7,16.42
Burdinne,214,2023,1355,1186,87.53,Luik,5,2709,3295,32.62,101,112.3,21.63
Hotton,302,2023,2533,2018,79.67,Luxemburg,4,4890,5706,57.02,100,87.0,16.69
Bastenaken,288,2023,7239,5628,77.75,Luxemburg,5,13391,16921,173.03,98,93.3,26.36
Hamois,347,2023,2966,2580,86.99,Namen,7,6462,7469,76.6,98,101.6,15.58
Sint-Laureins,411,2023,3068,2530,82.46,Oost-Vlaanderen,5,6513,7016,74.54,94,105.9,7.72
Assesse,331,2023,2975,2551,85.75,Namen,7,5992,7325,78.53,93,107.7,22.25
Lens,131,2023,1962,1571,80.07,Henegouwen,5,3729,4636,49.83,93,97.1,24.32
Vleteren,574,2023,1463,1211,82.78,West-Vlaanderen,3,3593,3600,38.58,93,88.6,0.19
Ohey,355,2023,2159,1900,88.0,Namen,6,4063,5226,56.68,92,99.1,28.62
Ferrières,229,2023,2246,1900,84.59,Luik,5,4208,5122,57.06,90,103.4,21.72
Voeren,196,2023,1894,1606,84.79,Limburg,6,4315,4406,50.61,87,100.0,2.11
Stavelot,270,2023,3243,2564,79.06,Luik,2,6479,7271,85.14,85,94.5,12.22
Celles,101,2023,2346,1989,84.78,Henegouwen,6,5415,5722,67.49,85,94.6,5.67
Florennes,342,2023,4958,3907,78.8,Namen,11,10668,11378,134.18,85,91.6,6.66
Habay,300,2023,3473,2902,83.56,Luxemburg,6,6968,8723,103.52,84,111.1,25.19
Heuvelland,536,2023,3435,2834,82.5,West-Vlaanderen,7,8399,7969,94.79,84,91.1,-5.12
Jalhay,241,2023,3722,3248,87.26,Luik,2,7497,8777,106.94,82,114.0,17.07
Attert,286,2023,2168,1843,85.01,Luxemburg,5,4118,5797,71.08,82,137.7,40.77
Weismes,282,2023,3265,2700,82.7,Luik,3,6503,7563,97.56,78,95.7,16.3
Rouvroy,318,2023,902,745,82.59,Luxemburg,4,1877,2144,28.1,76,92.7,14.22
Rochefort,359,2023,5596,4400,78.63,Namen,11,11747,12716,166.34,76,92.7,8.25
Beaumont,93,2023,3182,2542,79.89,Henegouwen,8,6577,7140,93.48,76,92.6,8.56
Etalle,296,2023,2485,2114,85.07,Luxemburg,6,4890,6024,79.44,76,115.6,23.19
Tinlot,274,2023,1100,969,88.09,Luik,5,2184,2777,37.26,75,109.0,27.15
Durbuy,294,2023,5293,4194,79.24,Luxemburg,12,9916,11506,157.08,73,91.6,16.03
Neufchâteau,315,2023,3367,2755,81.82,Luxemburg,6,6167,8260,114.46,72,94.6,33.94
Ouffet,256,2023,1230,1051,85.45,Luik,3,2474,2788,40.24,69,103.4,12.69
Martelange,310,2023,868,656,75.58,Luxemburg,1,1428,2064,29.98,69,95.1,44.54
Sankt Vith,265,2023,4451,3603,80.95,Luik,5,8941,10071,147.15,68,103.0,12.64
Couvin,336,2023,6524,4840,74.19,Namen,14,13249,13907,206.97,67,83.1,4.97
Libramont-Chevigny,306,2023,5071,3995,78.78,Luxemburg,8,9277,11972,179.21,67,95.9,29.05
Sivry-Rance,153,2023,2166,1765,81.49,Henegouwen,5,4506,4871,73.56,66,87.9,8.1
Bertrix,290,2023,4026,3055,75.88,Luxemburg,5,8054,9017,138.49,65,89.3,11.96
Somme-Leuze,362,2023,2549,2197,86.19,Namen,9,4170,6099,95.23,64,94.5,46.26
Clavier,219,2023,1965,1722,87.63,Luik,6,4120,4946,79.5,62,104.0,20.05
Alveringem,520,2023,2059,1715,83.29,West-Vlaanderen,9,4805,5023,80.71,62,91.8,4.54
Momignies,139,2023,2295,1807,78.74,Henegouwen,7,5128,5234,86.01,61,76.7,2.07
Philippeville,357,2023,4395,3457,78.66,Namen,17,7939,9521,157.35,61,90.1,19.93
Cerfontaine,334,2023,2233,1833,82.09,Namen,6,4334,4991,83.44,60,93.7,15.16
Bütgenbach,217,2023,2444,2016,82.49,Luik,2,5550,5652,97.04,58,93.7,1.84
Tintigny,324,2023,1859,1585,85.26,Luxemburg,4,3436,4605,81.88,56,102.7,34.02
Herstappe,176,2023,28,25,89.29,Limburg,1,85,76,1.35,56,111.0,-10.59
Vielsalm,326,2023,3525,2765,78.44,Luxemburg,4,7182,7940,140.7,56,89.9,10.55
Zuienkerke,582,2023,1177,1010,85.81,West-Vlaanderen,4,2790,2676,48.9,55,113.2,-4.09
Beauraing,332,2023,4209,3314,78.74,Namen,15,8096,9490,174.63,54,88.6,17.22
Havelange,349,2023,2172,1832,84.35,Namen,9,4622,5428,104.73,52,99.6,17.44
Baelen,207,2023,1963,1681,85.63,Luik,2,3852,4487,85.65,52,101.4,16.48
Meix-devant-Virton,311,2023,1212,1031,85.07,Luxemburg,5,2691,2819,54.97,51,95.7,4.76
Nassogne,314,2023,2431,1986,81.69,Luxemburg,8,4760,5735,113.11,51,94.4,20.48
Lo-Reninge,554,2023,1288,1082,84.01,West-Vlaanderen,4,3217,3216,63.4,51,92.0,-0.03
Saint-Hubert,319,2023,2573,1962,76.25,Luxemburg,6,5727,5693,111.99,51,91.3,-0.59
Paliseul,316,2023,2431,1977,81.32,Luxemburg,8,5006,5530,111.25,50,90.3,10.47
Onhaye,356,2023,1403,1184,84.39,Namen,7,3011,3231,65.67,49,95.0,7.31
Chimay,104,2023,4511,3371,74.73,Henegouwen,14,9759,9716,198.6,49,83.7,-0.44
Chiny,292,2023,2308,1915,82.97,Luxemburg,6,4885,5308,114.06,47,94.5,8.66
Viroinval,363,2023,2840,2151,75.74,Namen,8,5623,5649,121.22,47,84.1,0.46
Froidchapelle,122,2023,1894,1540,81.31,Henegouwen,5,3315,4084,86.54,47,85.1,23.2
Vaux-sur-Sûre,325,2023,2359,2030,86.05,Luxemburg,6,4176,6269,135.72,46,96.0,50.12
Wellin,328,2023,1358,1121,82.55,Luxemburg,5,2837,3147,67.86,46,97.4,10.93
Amel,201,2023,2341,2030,86.72,Luik,3,5069,5612,125.88,45,96.3,10.71
Tellin,322,2023,1091,932,85.43,Luxemburg,4,2229,2539,56.95,45,93.6,13.91
Houyet,350,2023,2237,1842,82.34,Namen,10,4433,5183,122.85,42,91.6,16.92
Erezée,295,2023,1494,1255,84.0,Luxemburg,4,2745,3345,78.89,42,95.4,21.86
Bertogne,289,2023,1473,1287,87.37,Luxemburg,3,2724,3767,91.66,41,92.3,38.29
Florenville,298,2023,2730,2032,74.43,Luxemburg,7,5546,5787,148.07,39,89.6,4.35
Rendeux,317,2023,1165,980,84.12,Luxemburg,4,2217,2707,69.23,39,90.4,22.1
Lierneux,244,2023,1580,1314,83.16,Luik,3,3317,3644,92.34,39,95.6,9.86
Libin,305,2023,2271,1907,83.97,Luxemburg,7,4341,5351,140.58,38,97.8,23.27
Trois-Ponts,275,2023,1188,947,79.71,Luik,3,2346,2547,68.83,37,95.9,8.57
Büllingen,216,2023,2379,2006,84.32,Luik,3,5287,5544,150.67,37,94.5,4.86
Bouillon,291,2023,2608,1899,72.81,Luxemburg,11,5437,5377,148.64,36,89.3,-1.1
Burg-Reuland,215,2023,1690,1416,83.79,Luik,2,3787,3961,109.84,36,97.1,4.59
Doische,338,2023,1337,1080,80.78,Namen,10,2840,2952,84.02,35,87.0,3.94
Léglise,307,2023,2172,1882,86.65,Luxemburg,5,3701,5839,173.72,34,101.5,57.77
Gouvy,299,2023,2329,1900,81.58,Luxemburg,5,4581,5474,165.35,33,88.3,19.49
Fauvillers,297,2023,966,821,84.99,Luxemburg,3,1838,2453,74.79,33,99.4,33.46
Houffalize,303,2023,2345,1876,80.0,Luxemburg,7,4501,5307,167.41,32,92.3,17.91
Bièvre,333,2023,1496,1230,82.22,Namen,10,3140,3476,109.55,32,84.7,10.7
Gedinne,344,2023,2121,1677,79.07,Namen,12,4344,4681,151.56,31,86.5,7.76
Manhay,308,2023,1600,1372,85.75,Luxemburg,6,2885,3715,120.18,31,97.0,28.77
Tenneville,323,2023,1232,1065,86.44,Luxemburg,3,2449,2881,91.95,31,96.3,17.64
Herbeumont,301,2023,760,607,79.87,Luxemburg,3,1434,1750,58.42,30,92.9,22.04
Stoumont,271,2023,1391,1184,85.12,Luik,5,2873,3150,108.54,29,103.7,9.64
La Roche-en-Ardenne,304,2023,1951,1466,75.14,Luxemburg,6,4107,4100,148.53,28,92.5,-0.17
Sainte-Ode,321,2023,1091,891,81.67,Luxemburg,3,2181,2720,97.94,28,86.0,24.71
Daverdisse,293,2023,606,506,83.5,Luxemburg,4,1360,1426,56.87,25,86.2,4.85
Vresse-sur-Semois,364,2023,1267,917,72.38,Namen,12,2810,2470,101.41,24,87.3,-12.1